,revenue,reach,local_tv,online,instore,person,event
845,45860.28,2,31694.91,2115,3296,8,non_event
483,63588.23,2,35040.17,1826,2501,14,special
513,23272.69,4,30992.82,1851,2524,6,special
599,45911.23,2,29417.78,2437,3049,12,special
120,36644.23,2,35611.11,1122,1142,13,cobranding
867,36172.81,4,22372.59,2001,1881,17,cobranding
847,43797.03,3,31443.74,1667,1846,15,cobranding
950,41629.8,4,35775.75,1155,2715,12,special
942,21303.48,2,24888.31,1853,3677,4,non_event
550,20746.15,4,26623.48,1497,3075,9,holiday
975,36692.43,4,27366.7,2337,2956,13,cobranding
674,29800.63,4,29694.11,1475,4124,6,holiday
321,38852.52,3,31587.56,1881,4266,4,holiday
915,44145.29,4,30884.54,1037,3950,13,special
83,36346.82,3,29287.81,1395,2670,9,cobranding
346,23607.01,3,33596.12,1883,3129,3,non_event
51,54522.25,3,36166.95,2011,4581,11,special
498,28820.97,1,35994.44,1217,2075,9,special
997,28618.06,3,35481.5,1294,1731,10,non_event
565,35958.77,4,32351.67,2254,3859,9,cobranding
219,14227.06,5,20000,1650,3634,10,non_event
286,25067.79,4,28157.24,1453,1823,10,cobranding
618,44342.46,3,,1631,3209,9,special
553,41919.35,4,40247.53,1236,2487,10,cobranding
11,29013.7,3,,836,2653,12,special
100,50585.76,3,29775.91,1280,3019,14,special
870,54222.77,3,38158.96,1337,2965,13,holiday
567,30858.42,3,31534.21,1349,2181,10,cobranding
47,35582.36,3,28822.46,1609,2357,13,cobranding
299,59561.68,3,37476.17,2160,3734,12,special
759,43633.81,3,36175.84,1336,2549,11,non_event
85,33690.12,3,27631.69,2578,3337,11,special
303,57485.34,3,32462.02,1208,4248,15,non_event
580,16452.35,3,27300.5,1460,1670,9,special
315,22999.75,4,23159.21,2620,4121,12,non_event
58,45079.28,3,34685.39,1912,3331,14,holiday
452,51817.62,2,36158.71,1244,3561,10,cobranding
572,26236.39,3,25664.51,1965,2170,11,holiday
891,61157.54,4,32962.84,1781,5279,13,non_event
40,24739.87,4,30283.7,754,1946,12,non_event
297,25517.92,4,34138.75,2052,1529,9,special
206,53965.79,1,31789.13,998,4150,14,special
771,38025.14,3,,1749,3131,14,cobranding
118,61361.42,2,38011.16,1757,2685,17,cobranding
633,37870.63,3,35692.3,1192,1024,14,special
168,33910.98,3,30673.04,1593,3290,10,non_event
679,29497.39,3,31722.17,1487,3407,5,special
601,23550.04,3,27474.83,1385,4756,6,special
863,45305.14,3,39357.43,2117,3727,5,special
797,32545.74,4,34514.01,1556,3167,8,non_event
273,27869.96,2,28747.63,1145,3707,9,cobranding
970,37954.16,2,28954.53,1703,4106,12,non_event
74,31544.18,3,30520.15,1591,4403,7,holiday
251,20300.99,2,28745,1702,2400,4,cobranding
84,41079.82,2,27158.59,1681,2452,15,cobranding
75,51802.34,1,35232.32,2072,2483,13,non_event
87,18110.74,2,32574.45,1937,1807,7,special
727,26531.32,2,30544.73,2653,1537,7,non_event
105,25500.34,3,26879.69,354,2988,10,cobranding
650,41768.53,4,37046.2,1535,3095,8,holiday
344,42400.99,4,35690.43,2042,3402,13,special
205,41233.78,4,31821.2,1720,4230,13,special
763,37541.33,4,,1020,3008,11,cobranding
648,44207.74,2,32687.14,2732,2181,9,non_event
996,34826.87,4,27801.73,1914,2507,14,cobranding
826,10207.96,3,24713.18,1942,1531,9,special
63,30631.22,4,33862.24,1287,3595,9,cobranding
895,33059.15,5,29230.59,1990,3270,13,cobranding
260,37635.98,5,33081.77,1249,3906,8,cobranding
42,23197.28,4,30446.4,1981,1872,11,cobranding
843,31711.67,3,31939.51,1404,2585,9,cobranding
192,25691.81,3,27605.15,2148,2769,9,special
668,42166.8,2,29609.22,1446,3724,10,holiday
613,36364.46,4,,1902,3483,11,non_event
925,38998.92,3,,1449,3355,10,holiday
968,38817.5,3,31037.89,628,4054,6,special
95,47846.13,3,,1345,3952,10,non_event
945,53374.83,4,30467.53,1395,4182,17,cobranding
134,47248.08,1,31922.69,603,2777,14,special
250,19451.79,5,29031.22,1591,2216,11,cobranding
481,38546.69,3,35660.89,1955,2138,13,cobranding
959,45798.11,3,33420.97,1161,3276,14,cobranding
223,28435.23,4,29702.11,606,2463,12,non_event
934,36776.47,2,30844.86,1002,3369,13,special
270,24914.88,5,29497.79,2109,3276,9,cobranding
844,39373.32,4,33542.5,1531,3218,8,cobranding
114,17464.9,3,25907.44,1363,2692,7,non_event
52,33880.35,2,28289.79,1535,4424,9,holiday
561,47436.33,4,38572.62,1936,3397,10,cobranding
8,22773.04,3,23681.08,1414,3712,10,cobranding
221,27637.04,3,27412.57,2392,2425,11,special
379,40512.13,5,27107.68,1009,5087,11,cobranding
973,41373.29,2,28109.04,1587,4098,10,special
348,38165.42,6,31631.1,1483,3957,13,holiday
947,15071.66,4,21204.22,1701,4470,8,non_event
422,44311.86,2,30325.69,1349,3841,12,special
703,31156.11,5,30809.87,2109,3283,12,cobranding
562,57297.31,4,32373.31,1446,4447,17,non_event
882,47174.12,3,30127.18,1854,4174,13,cobranding
900,43841.35,2,38289.45,1076,3441,10,holiday
166,43501.86,5,32182.15,1809,2931,14,special
563,31573.72,3,31034.49,1184,4156,6,cobranding
792,28271.4,4,31815.44,1633,4637,6,cobranding
341,43330.79,4,32673,851,3754,13,cobranding
196,21040.08,4,29071.4,1486,2982,7,holiday
608,33321.95,4,28446.4,1677,3067,13,special
482,41757.9,3,33513.29,1044,3872,11,non_event
739,32004.95,3,33788.73,2248,3100,7,cobranding
678,37713.05,5,29865.91,1751,3638,9,special
502,38454.36,1,31103.44,571,2873,11,non_event
704,46668.85,3,30585.91,2250,3818,11,holiday
683,38499.61,3,,1179,3102,12,non_event
264,54365.97,1,32273.16,1885,3640,13,special
291,48363.43,4,38581.39,2349,2038,11,cobranding
445,54058.99,2,35934.42,1387,3702,11,special
766,28273.48,3,,1163,3020,9,special
985,48207.7,2,35138.44,1592,2446,12,special
156,34238.86,4,25502.17,2294,2276,13,cobranding
417,42175.98,3,26753.22,1612,4196,12,special
684,45366.59,3,,1653,3109,13,special
184,12356.14,4,24930.05,1781,2460,8,cobranding
267,30542.97,4,29256.1,1382,4444,9,special
233,60993.85,3,34942.7,2331,4398,14,non_event
555,37234.97,2,31347.15,1458,2183,9,cobranding
437,40753.19,3,27680.64,1694,4291,15,non_event
389,29030.29,5,35676.49,548,4001,7,special
536,23068.01,3,30349.56,2107,3517,4,cobranding
910,16730.12,4,29293.46,1404,1143,8,cobranding
594,49554.93,2,37447.36,2041,1609,8,cobranding
672,32096.89,2,30093.27,1759,2404,12,non_event
364,28518.4,3,22631.33,1022,3744,13,special
209,60646.45,2,32633.77,1831,5605,15,cobranding
72,50945.71,3,34470.94,384,5510,9,special
423,30035.07,3,26979.89,1424,3261,11,cobranding
13,25745.24,4,,1566,2972,9,special
842,30192.95,4,28075.26,2473,4815,10,cobranding
595,40029.35,2,29742.3,562,3439,12,cobranding
275,38006.08,4,30381.85,1716,2727,11,special
806,47149.54,1,34063.56,1702,3474,12,cobranding
928,24375.44,3,25249.79,1482,2568,9,cobranding
215,29542.01,2,29029.79,1989,4094,5,cobranding
906,27253.28,3,37070.52,1654,2363,10,special
104,38574.12,3,27786.63,2008,2851,11,cobranding
655,23952.95,3,34258.99,1085,1754,10,non_event
816,36053.21,3,36806.96,548,2573,13,non_event
960,37642.47,3,29642.38,1516,4052,11,special
472,53594.11,4,37897.33,1624,2579,12,cobranding
464,43373.06,2,29862.86,1440,2239,15,cobranding
738,56566.28,2,40066.88,563,3842,10,non_event
23,42194.96,3,27327.52,1811,3781,11,special
129,46763.4,2,34606.98,2219,1728,13,special
331,33174.25,4,29054.98,2142,3212,11,holiday
50,45259.21,4,30319.53,1490,4203,9,cobranding
414,32610.97,4,33972.41,228,2233,15,cobranding
272,45808.03,2,30830.47,1863,2187,16,special
7,38655.51,3,24410.57,1240,3417,12,non_event
436,26738.7,2,28984.94,1538,2462,9,special
55,39676.18,2,27101.46,2294,2876,10,non_event
693,35875.91,3,29601.95,1699,3705,12,cobranding
218,36451.59,4,33996.01,1505,3478,9,non_event
857,29339.32,5,33755.52,790,3518,6,special
386,34897.7,4,32698.72,878,2088,12,cobranding
175,31801.55,4,32409.88,1217,1255,13,cobranding
623,44659.15,4,30219.93,1466,2387,11,holiday
313,34102.6,5,35225.88,1869,4616,7,non_event
298,40034.07,2,30625.76,2104,3152,11,cobranding
43,22763.7,3,24655.53,1855,5893,7,non_event
277,32081.81,4,32303.53,808,1719,9,cobranding
371,30409.71,2,33537.61,2221,2408,4,non_event
119,63154.48,2,38308.43,2106,3545,14,cobranding
471,35154.61,4,24213.46,1699,4854,11,special
214,45644.43,3,29922.67,2583,4061,10,special
574,30223.6,3,31045.49,1110,1182,12,holiday
712,34167.09,2,31236.24,1788,2814,7,holiday
916,57329.53,5,35647.87,1422,4625,16,non_event
238,37069.81,4,31571.94,2483,643,12,cobranding
786,58434.47,4,33390.73,1961,4413,16,holiday
252,14850.56,4,24512.13,1330,1204,10,cobranding
131,44080.31,3,30376.61,1036,3373,13,cobranding
680,41375.83,4,32767.67,972,5097,7,cobranding
169,22364.68,3,29582.01,1718,2525,7,non_event
881,40764.64,4,31005.13,1327,4142,13,non_event
681,51647.22,2,33028.58,1146,3848,11,cobranding
745,37060.19,3,34031.73,1541,4938,6,cobranding
217,50091.4,1,32832.47,1208,5682,7,non_event
328,56622,2,33508.27,1210,3376,16,cobranding
609,16781.84,4,28921.15,1071,1380,10,cobranding
17,37615.92,3,,2059,2616,13,cobranding
552,26967.87,2,24922.69,1175,2937,13,cobranding
154,18959.71,5,24329.54,1627,4044,10,special
231,61484.08,2,39126.47,1311,4550,11,special
886,29803.96,4,25487.11,1663,3548,12,special
89,43160.98,4,30921.79,1245,3198,15,special
635,26519.6,4,30352.33,848,2797,8,holiday
935,32105.42,3,31576.5,1153,2503,9,cobranding
37,40243.88,2,29924.15,1326,3152,11,cobranding
485,30327.08,4,29357.82,2176,3583,8,special
540,42768.9,4,29578.96,1605,4505,13,special
923,25450.18,3,,2002,1093,7,holiday
194,29872.02,4,30686.71,2151,2857,6,holiday
671,19404.29,6,25598.15,655,3724,10,cobranding
645,39095.28,4,32387.32,1252,2218,12,non_event
405,25921.12,4,29088.14,2095,2088,5,non_event
406,43452.96,4,36146.31,1910,3523,10,cobranding
412,29427.53,4,29076.84,1663,3267,12,non_event
222,44539.87,3,29335.1,1174,3898,13,cobranding
732,30262.56,3,37735.63,1040,1296,11,non_event
77,50268.85,3,34973.29,1396,4820,12,cobranding
817,40099.21,4,31428.68,1272,4450,12,non_event
326,28817.49,6,31104.52,964,3506,11,non_event
877,37867.16,3,31792.56,1313,3394,8,special
32,47201.37,3,33505.75,1452,3965,13,cobranding
709,48320.2,3,29370.29,2768,2739,17,special
791,30735.7,4,27681.76,1136,4068,12,cobranding
657,33777.92,6,30868.88,1786,3906,11,non_event
300,44359.5,5,33490.77,1986,4329,8,special
146,34085.51,3,31693.48,1926,3190,9,non_event
557,43829.56,3,28661.69,1302,2828,15,cobranding
45,48370.64,3,27914.22,1796,3899,11,cobranding
549,41524.22,4,33499.48,2465,3668,14,special
151,29836.81,3,25829.6,1833,4465,10,cobranding
312,52057.54,2,35258.21,1735,3452,12,non_event
319,20234.52,5,28548.15,1650,2249,11,cobranding
893,53600.4,2,38098.83,951,4721,8,holiday
602,23947.23,2,24651.19,1191,2824,9,holiday
82,40483.07,4,32683.53,1376,4442,11,special
860,43713.71,4,31114.84,1734,3691,15,cobranding
424,60415.35,2,37240.8,1697,4082,14,special
455,27880.27,3,22655.21,2072,5195,10,holiday
584,16637.63,3,24749.81,1592,2473,11,special
338,24124.83,4,28532.85,1779,4049,8,cobranding
370,42259.4,4,33730.3,2202,5840,8,cobranding
921,42055.49,5,,1677,4001,15,special
725,31352.42,4,27673.62,1007,4591,12,special
539,41518.59,4,33582.99,2223,4313,6,cobranding
57,45720.5,3,29574.46,1939,2362,14,special
948,54664.36,3,33151.08,2094,4368,16,holiday
506,45826.52,3,34179.91,1884,2974,11,special
242,6874.43,2,23435.82,821,3537,3,non_event
226,31357.78,5,28733.83,1116,4428,9,cobranding
647,39824.02,3,31840.32,1739,2136,14,cobranding
170,41318.22,3,33004.7,1242,4385,8,special
515,39395.97,3,36302.18,1973,4171,9,cobranding
855,43885.88,3,26419.86,1685,3810,16,holiday
241,50357.87,3,32383.78,2387,3120,12,cobranding
382,45615.94,3,33407.27,944,3780,14,special
814,47992.69,2,29858.32,1716,3415,14,special
631,30364.97,3,23448.17,1462,2760,14,cobranding
332,37920.28,4,24193.02,1275,4430,14,cobranding
897,47633.19,4,33214.85,1909,2941,10,holiday
443,45467.61,3,31614.69,1667,3219,11,non_event
533,23067.02,5,31349.49,826,2243,9,cobranding
340,74564.29,3,40208.47,2202,3323,20,cobranding
239,41626.79,4,34630.63,1187,3793,8,non_event
459,40252.7,3,30856.12,1476,2397,9,special
637,37927.93,4,34489.27,926,2771,11,cobranding
819,45789.14,3,34966.53,658,5015,11,cobranding
230,32627.5,4,28945.12,965,2950,9,special
446,47998.39,4,28802.66,1900,2914,17,cobranding
710,44898.68,4,29550.51,1391,2941,17,cobranding
570,50404.82,2,33436.41,1238,4997,8,cobranding
603,37663.28,3,28599.21,2605,1322,13,cobranding
48,33629.74,2,30117.65,1534,3431,12,cobranding
914,39776.62,5,27383.4,1527,2435,15,special
995,46689.11,3,28278.48,961,3335,16,cobranding
97,45491.3,4,,903,3213,13,cobranding
398,39749.84,4,30543.5,2192,3878,11,holiday
211,61443.7,3,36748.08,1570,5399,15,cobranding
31,43026.99,4,38553.64,1580,4248,10,cobranding
568,42231.68,4,31937.1,2165,1992,14,non_event
682,31513.91,5,29061.89,2183,4069,7,cobranding
295,49741.26,2,37600.65,1622,4117,9,special
237,49033.78,4,31658.76,1331,3045,15,holiday
810,15010.45,5,28285.48,1085,2419,5,cobranding
575,14999.06,4,33686.19,1379,1726,5,non_event
722,37833.61,2,31558.63,1210,2397,12,cobranding
309,33690.49,2,32733.85,1460,3257,9,special
36,25322.02,4,29933.23,1147,3689,7,special
636,43929.09,3,30752.12,1575,3601,12,special
413,59823.3,3,39253.79,2055,2629,18,cobranding
244,49113.04,6,32560.78,2050,4674,12,cobranding
762,31373.16,4,,1551,2721,6,cobranding
829,45643.54,4,34057.54,1568,4563,13,cobranding
262,26520.81,3,27174.23,3047,1723,10,cobranding
615,55305.5,5,,1626,4772,15,holiday
587,43860.38,3,29910.54,1663,4520,11,special
457,29118.85,4,30975.73,1482,2150,12,non_event
911,41679.06,3,34215.68,1858,1938,7,cobranding
809,50408.44,2,29213.17,1379,3454,15,cobranding
343,55132.93,4,38123.31,2039,3777,13,special
3,35593.3,5,29728.65,2340,4325,10,cobranding
147,39637.38,3,30274.83,1647,1867,15,cobranding
470,28903.01,3,31440.36,1589,3067,5,cobranding
989,39544.58,5,34699.61,1341,3397,7,non_event
288,31262.79,4,35258.95,1589,1791,8,cobranding
661,36432.88,3,30442.18,1316,4159,9,non_event
853,65351.28,3,32384.81,1478,4374,17,special
167,50905.39,3,30351.8,2164,4568,14,non_event
190,39342.86,5,35554.1,1836,3090,9,special
714,39887.67,2,31902.15,1823,1262,12,cobranding
952,36925.1,3,37749.17,885,2033,9,non_event
473,70094.92,3,31274.38,646,3888,24,special
394,22980.15,5,24106.2,1103,3703,14,cobranding
554,28534.98,2,29941.35,1428,2599,9,special
524,51394.2,3,33298.76,1260,4191,10,cobranding
201,24525.42,4,25403.8,2859,2619,9,special
663,45099.53,3,34548.62,754,2642,9,non_event
685,27217.12,5,,1972,569,12,non_event
981,49347.14,1,34622.23,1487,3854,14,non_event
301,48697.84,3,38689.82,1894,1655,13,cobranding
255,38075.18,2,29641.85,1200,5398,7,special
290,43128.95,2,27231.59,2460,3853,12,special
974,31287.92,6,37583.22,1533,3017,9,holiday
784,40837.97,3,37009.19,1696,3452,9,special
888,35535.46,5,29838.44,1484,3800,12,cobranding
248,39553.46,4,31869.51,1821,4588,7,special
161,21291.17,5,29888.86,1974,1891,9,non_event
144,37843.97,4,31646.14,2185,2826,12,special
116,24551.16,2,26665.7,1473,1953,8,holiday
19,57946.29,3,,2010,2507,17,special
461,35916.74,2,29993.55,2035,2899,10,special
573,32931.66,3,37103.77,1646,1521,10,holiday
790,31178,3,37943.46,1357,2503,10,holiday
589,23322.52,3,28638.1,2013,2839,6,cobranding
18,24471.04,3,,1887,1927,8,cobranding
787,47279.62,4,31304.23,2050,5629,12,non_event
391,38377.32,4,29298.93,2659,4177,9,cobranding
593,41151.9,4,31616.05,1569,3656,11,holiday
889,32962.66,4,34075.72,1300,3474,7,special
458,25812.36,4,23092.01,1032,3771,11,holiday
186,37942.2,2,33091.33,1258,4065,11,cobranding
885,34154.48,4,32105.78,1383,2555,13,special
1,38628.37,3,30185.49,1025,4422,11,holiday
894,64044.91,3,36893.57,2841,4383,12,special
761,39652.48,2,,1969,4416,11,holiday
751,25316.93,4,32904.62,802,3183,9,non_event
707,10321.22,4,26256.46,1528,2215,4,cobranding
875,43560.74,3,25646.36,1820,5239,12,non_event
658,40076.97,3,30502.35,1914,2846,14,holiday
972,55586.85,5,32690.68,2364,4251,16,holiday
665,17468.82,3,25178.48,1350,2412,8,special
396,13312.97,3,29324.41,626,2511,7,cobranding
699,31257.31,0,26965.57,1827,2775,8,non_event
440,23895.2,4,34954.37,2017,2012,7,special
532,20454.09,4,28921.44,1463,1951,9,special
387,36974.13,1,32691.66,1518,2571,9,non_event
136,58934.4,3,29719.66,2696,3248,16,cobranding
304,63024.21,2,38959.46,1954,3529,14,cobranding
688,26400.86,4,,1828,3362,5,cobranding
198,52916.07,3,32549.24,1635,5328,12,special
696,55132.49,3,37885.86,1620,3072,13,special
605,52037.28,4,31667.79,1719,3574,15,cobranding
625,40074.91,3,31720.61,1159,2977,10,non_event
723,29302.91,5,33960.23,1546,3305,10,cobranding
854,23777.5,3,28344.11,1027,178,17,cobranding
802,46757.79,4,32344.74,1776,3804,16,special
474,59542.35,5,32594.21,1374,3589,19,special
30,45892.31,4,35698.78,829,1993,12,special
518,55947.91,3,37406.54,1357,2570,15,special
873,38052.85,2,33125.55,1897,3410,9,special
830,30322.01,3,28027.43,1411,2439,14,special
359,21981.72,5,33234.52,1120,1024,9,cobranding
484,41812.84,6,38273.27,1088,3226,10,special
839,44085.76,3,31276.12,1546,1875,16,special
848,42851.24,3,33904.59,1224,1862,12,non_event
22,33483.81,2,29172.53,1604,2003,11,cobranding
453,23319.33,4,26544.94,1647,2882,5,special
641,46358.31,3,31850.85,1851,3409,14,special
793,56939.37,3,34087.58,2895,3946,8,cobranding
111,26421.26,4,28974.18,1692,3120,10,non_event
529,25595.6,3,28324.54,1627,3365,10,non_event
940,45170.17,3,31224.72,1658,2949,15,cobranding
112,24043.89,5,29950.73,1159,868,9,cobranding
103,48341.63,4,32871.29,1267,3880,13,cobranding
311,29292.93,2,31127.82,1093,3597,10,non_event
400,28752.04,3,30937.08,1441,3418,9,non_event
507,37487.67,5,31512.53,2079,3669,14,cobranding
337,56697.84,3,36644.85,1706,2238,14,cobranding
951,32324.69,4,28237.07,1157,4687,10,non_event
686,49415.4,4,,963,3586,10,non_event
872,25434.26,5,34050.03,1871,2786,7,cobranding
369,65578.24,3,33206.77,2271,3539,13,cobranding
210,77546.6,4,40392.43,1527,5144,15,cobranding
259,31465.65,3,36589.83,948,3140,6,cobranding
130,30087.68,3,31368.27,2604,2457,12,special
737,24315.16,3,24467.61,1025,3281,7,special
621,37684.1,3,30449.65,1738,3500,11,non_event
354,44600.12,3,33782.89,748,3068,15,non_event
427,26729.2,4,28631.54,1765,3919,7,cobranding
56,31299.75,2,26393.34,1552,4607,10,cobranding
381,34627.42,4,30110.89,1308,2196,13,holiday
827,43286.78,3,30382.28,343,5304,14,non_event
517,51012.2,5,35067.12,1869,4233,12,special
620,36929.76,3,27644.93,1236,4423,9,special
208,25325.78,3,30833.94,1932,4570,3,special
163,42788.25,4,35116.29,1022,3721,12,non_event
59,17492.63,4,23285.26,1786,2921,8,cobranding
775,49807.84,4,27752.9,2188,3923,15,special
933,21324.86,3,20530.33,682,4091,11,non_event
113,41385.84,2,36151.67,1875,2075,11,special
924,30941.77,1,,1232,2711,7,special
199,73377.15,4,38752.54,2458,3928,20,holiday
883,40329.99,4,30335.46,2260,2799,12,cobranding
577,48031.93,3,31558.82,1553,3465,13,non_event
33,50298.77,3,32477.61,1451,5184,12,holiday
805,33616.62,1,31450.51,1378,3131,7,special
68,57120.54,4,35297.58,1258,4053,14,non_event
363,48689.58,4,29474.67,1801,3107,14,special
149,44452.3,4,34625.08,1149,4052,10,cobranding
20,35574.49,4,,1156,2843,12,non_event
342,36985.24,3,35234.25,923,3307,14,special
224,50462.07,4,33823.64,1661,3370,10,cobranding
128,48774.4,2,24868.99,1804,4914,13,cobranding
701,34446.64,2,28456.77,1663,2630,12,non_event
986,23510.02,4,24136.22,1209,3435,12,special
991,41677.55,3,33164.16,1804,3437,13,special
531,34288.71,5,25557.9,1738,3775,13,cobranding
477,27652.56,3,26028.07,1465,2588,13,cobranding
189,34890.39,2,29190.81,1713,3517,9,special
956,31837.56,3,28058.02,1365,4541,11,cobranding
41,27791.59,3,32933.53,0,4030,7,cobranding
503,44137.75,4,31764.41,2034,2843,12,special
876,26618.6,3,24639.33,1245,5172,11,cobranding
442,20331.37,5,32413.92,886,3145,11,cobranding
543,22458.65,2,28214.49,1510,4024,6,special
770,34378.89,2,,1563,3046,12,holiday
174,47466.23,4,27789.11,1519,5792,12,non_event
966,38597.53,3,28997.84,1618,2991,9,cobranding
438,38626.58,5,27185.01,1270,4011,12,cobranding
670,41719.29,2,32894.43,2395,2855,13,special
999,39093.23,4,34785.8,2803,4270,8,cobranding
279,52408.96,3,30039.16,2019,4436,10,holiday
831,40286.81,3,38313.72,1020,2890,11,non_event
191,54753.73,2,34382.56,2335,2527,15,cobranding
746,29271.18,3,31932.01,1467,2455,8,holiday
799,50201.45,4,31885.5,1484,2579,14,cobranding
606,62890.57,4,33532.56,1933,4517,16,non_event
879,27021.03,3,25873.2,1507,3978,11,special
828,23787.84,3,31768.63,1928,1329,5,special
519,52240.91,2,28302.21,1354,5096,11,cobranding
14,40774.27,3,,1673,3574,11,cobranding
79,30476.48,3,31627.47,1793,4166,8,cobranding
310,41038.77,3,34750.93,1804,3021,10,non_event
351,47233.72,6,32764.5,1551,4216,9,cobranding
153,28167.32,4,29227.59,1549,3923,12,holiday
294,37292.82,5,39880.01,1513,2918,6,cobranding
172,63488.6,3,43676.9,1470,3803,10,special
419,19183.01,3,25638.83,1925,1822,14,special
367,55229.72,4,38358.52,1160,4296,10,cobranding
246,40352.76,2,35326.94,1877,4610,6,non_event
687,36258.28,4,,2267,4498,7,special
730,36277.74,3,25879.43,954,3067,14,special
407,49517.17,3,25625.27,1613,4344,13,holiday
664,41134.12,3,40558.99,1757,3465,8,special
76,39161.4,5,34602.81,1935,3351,12,special
962,47776.02,2,33434.38,1115,2874,11,special
426,26585.8,4,28142.98,1141,3555,10,special
44,32520.6,3,34250.31,1098,2974,8,non_event
833,50687.46,2,32859.75,1176,3004,13,cobranding
143,53207.1,3,31671.65,1757,4225,10,cobranding
178,31909.74,5,25150.68,1193,3880,12,special
305,45297.33,3,31916.34,2180,2274,16,special
903,30357.38,5,29460.7,1428,2484,13,cobranding
268,61157.64,3,39894.73,1521,4091,15,cobranding
90,48649.28,4,,1685,4839,10,cobranding
109,33832.02,3,30083.47,1685,3937,9,special
281,43886.97,3,30730.27,2001,3668,10,cobranding
106,42709.11,3,30522.9,2752,3839,15,special
851,39859.69,4,33460.76,1939,3740,11,non_event
927,34418.4,3,30851.18,1593,2035,9,non_event
953,52662.37,1,35291.56,1859,2404,12,cobranding
16,31824.68,4,,1693,3224,15,cobranding
465,63328.05,2,29326.3,1694,5020,18,cobranding
629,44074.1,4,28488.93,2626,3933,13,special
212,41848.52,4,30703.4,1592,4641,10,cobranding
838,30074.72,4,27189.92,881,4162,12,special
257,32028.99,3,32477.87,1876,4027,3,special
919,43035.32,4,,2108,2576,12,holiday
397,54150,4,29494.04,2002,4200,11,cobranding
545,28732.49,4,31247.04,1143,4330,9,cobranding
374,24832.47,4,29264.16,1795,2531,10,cobranding
743,23328.83,6,24817.72,1785,3374,13,cobranding
139,38268.87,3,29483.08,1792,4521,11,non_event
988,57946.42,4,37198.08,1518,2707,15,special
325,43872.08,4,32935.08,1814,2995,16,special
71,39738.22,3,29483.12,2086,2746,11,cobranding
866,43339.71,3,31517.2,579,4554,12,non_event
320,39488.31,3,28655.41,1246,4139,9,holiday
388,43364.44,5,31934.06,1336,3307,17,non_event
719,46341.53,1,29490.57,1477,3787,11,cobranding
744,25140.13,5,25604.56,2231,2417,12,cobranding
662,44943.19,2,38628.09,1028,2234,11,cobranding
742,54455.55,3,34319.81,1617,2843,16,non_event
81,24912.56,4,28532.05,2112,2380,10,cobranding
504,33632.69,1,28655.74,2000,2263,8,non_event
654,54119.1,4,34370.39,1643,3793,15,special
282,30184.74,3,27034.02,1689,3815,9,cobranding
752,39223.79,2,31172.24,2303,2108,14,non_event
546,49554.27,2,33734.39,1738,2699,12,non_event
586,15752.05,3,23585.16,1812,2580,10,special
887,48097.64,3,33257.92,1485,2370,17,special
140,42190.23,3,32275.49,1031,3876,13,special
617,46482.62,2,,1794,2770,11,cobranding
656,33950.87,4,29266.27,2104,4000,9,cobranding
724,36194.27,3,32460.35,389,3794,10,special
462,36914.96,3,34653.35,830,3012,12,holiday
836,35377.56,4,39456.09,1043,3205,9,non_event
360,50764.24,4,38447.57,1433,3254,10,cobranding
783,52396.67,5,33048.25,2418,4282,19,holiday
138,34421.56,4,28715.94,1807,3638,12,cobranding
124,41423.28,3,31671.1,1228,1401,16,special
653,13197.12,4,28960.62,1161,2307,9,cobranding
93,41232.72,3,,2010,2981,11,cobranding
946,45404.47,3,33879.12,1756,2812,12,special
958,42687.58,6,36781.45,1153,3382,11,cobranding
937,33928.72,4,30084.97,1501,3805,9,non_event
253,21081.72,2,22923.99,1259,4332,9,holiday
878,37320.59,3,28651.56,1617,3409,11,cobranding
409,27602.79,4,28099.42,1372,3898,12,special
638,35515.89,6,28670.93,946,4236,12,special
823,59264.66,4,39856.19,3280,3921,6,cobranding
78,37702.18,4,30276.55,1185,2545,11,holiday
101,32982.53,2,28486.96,2852,3692,10,special
292,39943.52,4,35826.12,999,2170,10,cobranding
626,55573.94,2,38872.44,1715,4551,8,non_event
772,12196.42,3,,1855,1632,6,non_event
646,50222.01,3,32681.45,1854,4832,7,cobranding
227,54134.8,5,35573.26,1888,3835,15,special
269,33582.15,2,32933.45,1575,3540,7,special
677,44461.44,3,37151.31,901,3060,12,special
864,15993.22,5,30200.46,1253,2798,6,cobranding
908,51067.82,3,35256.77,1556,2323,15,non_event
80,39809.09,3,27178.18,1573,1433,16,non_event
729,45585.2,3,32948.68,2052,2262,14,cobranding
804,13669.62,3,24711.11,793,2899,7,cobranding
660,50132.69,5,37785.33,1545,3815,10,cobranding
651,23371.24,3,25647.42,2245,2178,8,cobranding
431,45694.16,5,34675.88,1441,3990,9,special
486,33096.88,3,29276.77,2097,3216,8,non_event
236,60967.47,4,39615.73,2225,2422,14,holiday
781,39087.63,2,28391.18,1330,4006,13,cobranding
510,42747.87,3,35602.35,1392,3863,12,cobranding
9,43493.59,4,34859.01,2924,4490,8,non_event
874,25193.7,4,31671.97,1731,3217,9,cobranding
28,42946.68,4,31553.73,2036,4667,9,cobranding
525,43568.38,3,32106.15,1444,4017,12,holiday
463,55198.73,3,36376.96,1239,4582,13,non_event
537,36653.66,3,34989.52,1280,3781,8,cobranding
731,39370.6,2,27847.27,2499,3867,12,special
941,22081.84,3,28690.8,499,3606,9,holiday
994,44325.96,2,33468.52,2173,4355,7,cobranding
675,42154.66,4,34679.19,820,5047,12,non_event
216,28507.52,3,28666.76,1318,2297,8,cobranding
798,46649.18,4,27054.33,1283,4436,15,cobranding
122,36617.3,4,34303.1,1882,4203,7,special
835,48565.53,4,31657.72,2276,3227,11,cobranding
158,30767.96,3,32218.18,1980,2229,8,cobranding
695,23237.55,5,34244.45,1640,1644,8,special
358,52801.92,4,35496.52,2380,4861,11,non_event
706,31418.35,6,37108.2,1927,1554,9,special
64,29570.17,4,22299.89,1457,4086,16,non_event
944,49725.22,3,37467.61,2259,3520,10,cobranding
717,18056.8,3,25958.4,1434,2446,7,special
127,57175.23,3,38369.25,2379,3646,9,cobranding
306,50388.64,4,30989.47,2073,5572,10,holiday
800,12517.17,3,26184.24,1842,3930,5,special
274,49208.16,4,42048.38,790,1958,12,cobranding
666,37894.7,3,31325.99,1582,2766,12,cobranding
430,34141.54,4,29235.45,1027,3198,14,non_event
235,46536.66,4,29582.55,1292,5516,14,cobranding
392,35243.11,3,24814.29,1556,3458,16,special
808,25042.1,4,25902.96,729,4686,10,holiday
856,70334.57,4,38796.55,1199,4998,13,special
767,28368.63,3,,1412,3771,10,non_event
92,27252.85,3,,2064,2259,12,special
361,58782.94,2,31775.41,1823,5963,9,special
998,40226.41,4,29218.3,1932,4410,13,non_event
511,49957.12,3,35237.37,569,4764,13,holiday
500,38432.78,4,24876.55,1777,4862,13,holiday
228,30214.12,4,31164.57,1704,1948,9,non_event
383,35099.29,3,34721.85,1490,3118,10,cobranding
978,7146.99,2,21252.35,852,2372,5,cobranding
180,40602.55,4,33055.07,1753,4397,9,special
157,46090.1,5,35498.18,1881,3234,12,holiday
98,46243.71,3,28656.5,1842,4282,11,cobranding
25,42761.34,3,31444.09,1697,3947,10,holiday
173,53453.47,2,38458.81,999,3864,12,cobranding
597,41267.62,4,29275.79,1203,3399,11,cobranding
447,28858.32,4,31757.17,1596,3183,9,cobranding
642,65428.82,4,32444.9,2309,3952,17,special
837,23072.92,1,26308.82,2484,1996,5,holiday
420,55767.01,3,36303.58,2277,3394,10,cobranding
551,42388.67,3,29662.5,1760,4485,12,special
607,15492.83,2,26023.13,1444,2650,9,holiday
918,20079.93,3,,1375,2404,7,holiday
49,42146.15,4,30678.69,1853,3493,15,cobranding
869,33404.14,2,35967.7,1293,1578,10,cobranding
247,25365.65,3,29572.28,1288,3161,10,cobranding
939,22080.47,4,25786.68,1770,3141,7,special
969,30517.5,3,31371.26,406,3666,6,cobranding
410,41940.41,2,33759.41,1675,2997,12,special
185,43795.92,5,33768.59,2070,4476,10,special
408,10001.8,4,23398.15,1411,4041,6,cobranding
890,40462.74,2,34855.33,816,3522,9,non_event
920,27327.2,3,,1657,2964,11,cobranding
365,50991.75,4,35261.47,2106,4017,12,non_event
162,34734.11,4,21428.2,2364,3503,17,special
976,32084.17,3,34455.96,1194,1809,12,special
203,57586.89,5,36478.25,2381,4574,16,non_event
520,25949.38,3,30803.4,2896,4397,6,special
512,46911.29,4,28310.11,1849,1730,14,special
249,34084.96,4,29423.47,2219,3654,11,special
357,25045.8,2,27734.56,1476,3141,9,holiday
794,40528.18,4,36783.52,1017,1427,11,cobranding
514,44422.7,4,35656.04,1209,2370,14,cobranding
535,28819.37,4,31776.73,1322,2802,7,cobranding
628,35417.85,3,32167.94,1541,2968,10,cobranding
283,37562.01,4,25343.91,1670,5627,10,cobranding
234,25912.92,4,28131.97,1917,3734,6,cobranding
530,17700.8,5,25215.37,849,3647,12,non_event
261,57533.77,2,34496.66,1432,3339,14,non_event
840,51180.02,5,35048.37,1300,3022,16,special
604,44240.34,1,28228.66,1355,3418,11,non_event
501,41908.39,3,32414.87,1578,3517,10,holiday
278,18617.76,3,26296.1,1937,2690,9,cobranding
907,21253.85,3,28940.58,1510,2597,6,special
556,37830.66,3,27206.87,2333,4527,10,cobranding
750,42852.23,3,30030.29,1812,3296,16,special
912,27501.97,3,30514.49,477,2344,8,cobranding
899,37067.2,3,35426.39,1042,684,13,holiday
926,49247.14,3,,2206,3218,10,special
141,33598.94,4,34311.51,1595,2687,9,special
24,54866.6,3,33591.91,1904,3741,14,holiday
491,31638.34,5,27836.98,1955,3963,13,cobranding
302,49101.47,4,33928.22,2386,5190,11,cobranding
964,50771.07,5,38561.84,2377,2933,15,special
558,24196.68,3,27107.14,797,1602,10,special
46,27856.08,4,28445.21,1623,1018,13,cobranding
145,47825.43,3,29648,1663,4713,11,special
334,37788.81,3,30720.72,1311,3396,11,cobranding
314,37773.69,4,30151.08,1702,2817,12,cobranding
115,19019.47,3,29598.75,1641,2075,5,special
280,42745.11,3,36123.26,1851,4554,9,cobranding
29,52196.35,3,36584.89,2125,2843,13,cobranding
643,31426.68,4,29480.22,2021,2316,9,cobranding
582,34242.61,3,31497.89,1271,5054,8,cobranding
667,41873.84,3,33449.03,1792,2800,10,special
322,47444.54,4,30413.92,1622,4194,14,holiday
780,25828.04,3,26204.07,1664,2760,9,cobranding
583,63702.1,3,38117.18,1734,3522,12,special
815,57651.25,3,38638.7,2064,3129,13,non_event
616,28218,3,,1311,1913,11,special
820,36616.53,2,30164.03,2035,4490,11,special
983,42007.8,2,35106.06,905,3702,9,special
892,30470.71,3,30055.84,1038,2272,13,cobranding
102,60831.03,3,39972.55,1387,2928,14,special
327,39436.39,2,32732.65,1639,2652,9,cobranding
955,36997.37,5,33489.39,2511,4415,11,cobranding
619,38225.81,3,35979.57,2156,1873,9,special
990,32363.56,3,26744.41,1222,5533,9,cobranding
566,59271.59,2,37439.74,1770,3719,14,non_event
931,26813.65,3,31511.77,1653,1889,9,non_event
841,25632.79,3,30067.4,1467,2239,8,cobranding
256,38159.11,6,28666.49,322,4479,13,special
258,21067.02,5,30029.56,1207,1619,11,cobranding
718,18878.57,4,27584.93,2169,3024,9,cobranding
296,30709.87,4,31049.7,699,5073,4,holiday
778,41497.2,3,30548.23,3105,2440,13,special
6,40192.34,3,27606.43,1852,5011,13,non_event
728,34349.84,4,26374.84,2077,4092,13,cobranding
132,34352.83,4,28266.62,545,2667,14,non_event
416,26189.18,3,28526.37,1708,2214,7,cobranding
376,44480,2,36324.64,1259,1552,10,cobranding
456,42878.43,4,30181.7,714,3131,17,holiday
330,28006.95,5,26230.22,600,3503,11,special
936,52473.15,3,36330.79,1383,3709,12,non_event
785,41624.78,4,30876.57,1417,4711,11,special
822,35451.16,4,33304.48,1608,2893,7,special
317,39133.33,4,31216.94,1657,4361,8,special
753,33024.04,3,26217.01,2618,3412,9,non_event
373,49263.31,3,34731.54,1729,3982,11,cobranding
478,36679.4,4,29084.54,2124,2968,15,non_event
538,21316.33,5,30016.09,592,2109,7,non_event
240,37717.6,2,33687.06,1694,2933,8,cobranding
993,25625.48,4,30769.04,1529,3469,12,holiday
21,25451.94,4,26915.83,1467,3856,11,cobranding
764,29973.74,4,,2158,2079,13,special
690,50815.72,4,,2021,2119,15,cobranding
454,42856.94,4,34173.75,1441,4170,7,cobranding
691,23088.53,5,,1848,3109,8,special
245,31817.16,5,27033.09,1186,4874,12,non_event
711,44587.41,3,33226.3,1177,2747,11,non_event
813,13086.27,4,30767.37,835,3195,4,cobranding
65,45914.96,5,38230.57,1719,2447,12,special
468,34572.85,4,29284.29,1507,3340,11,special
213,35882.32,4,31007.96,1255,3995,12,cobranding
200,47333.58,3,29703.57,319,4745,14,special
702,42009.11,4,31523.81,1522,3605,10,cobranding
476,34115.27,3,27622.57,866,3062,12,cobranding
318,21825.76,4,36114.01,1874,1808,10,cobranding
748,45718.27,4,33439.71,2155,2449,16,non_event
91,35588.62,1,,967,4009,12,special
433,20997.59,3,23456.67,1772,3303,10,cobranding
611,69429.39,3,42069.84,1619,3319,15,non_event
588,26330.85,4,29616.59,840,4253,8,non_event
197,26162.8,4,30546.94,1238,3042,8,special
777,35172.44,2,29766.02,641,2513,12,cobranding
509,35052.49,3,30989.46,699,4180,11,cobranding
922,36302.67,4,,1396,4219,11,non_event
308,25643.62,5,27213.44,1665,4033,11,cobranding
755,44117.41,4,26194.72,2009,3628,15,non_event
497,36938.32,3,30920.84,2109,2042,12,special
60,35444.97,4,29843.62,1788,2389,10,non_event
345,42181.81,3,34923.59,1412,4905,11,non_event
335,39653.67,3,29982.31,1988,4973,10,cobranding
375,35969.19,4,22121.85,1835,4130,12,special
812,18724.9,3,25210.9,1979,2602,9,non_event
768,22859.36,2,,1308,1580,10,cobranding
505,36601.17,1,29502.18,2246,4153,8,special
450,23568.94,4,26978.03,1004,3514,11,special
849,57970.72,3,36701.68,1800,3314,12,holiday
735,40901.57,6,31299.91,885,3137,14,cobranding
673,56984.93,3,36548.17,1735,4345,13,special
316,31859.55,3,31592.32,1799,4947,6,cobranding
496,37796.69,4,30467.37,1897,3070,11,non_event
393,79342.07,3,40720.12,1150,3849,18,cobranding
749,30283.01,4,30653.46,1966,4145,12,cobranding
339,27925.02,3,33333.32,1173,2587,6,cobranding
544,50831.75,4,38114.12,1266,2806,13,holiday
992,37505.68,3,33502.47,2276,2974,11,cobranding
526,17884.83,6,29470.45,1025,4553,5,special
159,19162.18,4,24629.66,1277,2999,11,special
372,54174.34,2,28558.21,2310,3626,13,special
579,33712.36,4,34518.99,2040,3158,8,cobranding
88,45304.25,5,32895.79,2475,3255,13,non_event
734,55430.55,2,37248,2024,4022,10,special
716,35882.66,2,28112.5,1404,3791,9,non_event
428,54132.81,5,38697.52,1609,2392,14,cobranding
652,39234.34,4,39006.35,790,3406,9,special
353,54190.67,4,42135.38,1405,4167,7,cobranding
850,36693.49,3,28196.03,2076,2406,12,non_event
86,32560.58,4,34135.53,2649,1613,12,special
324,36033.51,5,30612.27,1536,2349,11,non_event
229,46700.35,4,37257.3,1253,3279,7,special
494,29193.63,4,23368.39,1515,2729,18,cobranding
559,29277.32,4,26689.02,1419,2512,13,special
528,36899.47,4,28820.41,2258,3030,11,special
901,39553.13,5,26010.86,988,6249,14,special
769,22796.76,5,,2177,2681,11,special
366,49314.11,3,34557.92,2196,2015,15,special
73,46012.68,4,35080.67,1273,3914,11,cobranding
165,29993.43,4,29617.13,2457,3260,6,special
807,31946.87,3,27435.74,925,3681,13,holiday
896,35474.26,5,34360.99,903,3182,9,cobranding
811,27711.35,2,29559.97,1616,2531,13,cobranding
96,57482.58,3,,2014,2538,16,cobranding
176,33431.9,3,26452.9,1514,4188,7,cobranding
692,48701.09,3,30149.69,1222,3458,15,cobranding
913,50787.37,4,33127.21,1937,3649,14,cobranding
984,32527.33,4,25176.79,1723,4073,14,special
659,20974.55,3,29342.5,1253,2825,11,cobranding
62,34405.59,4,32838,1791,3778,8,cobranding
488,59142.15,4,38065.69,1660,2458,13,cobranding
293,47785.41,3,30090.96,1509,3764,12,special
639,42459.94,4,29526.52,2243,2491,18,cobranding
380,24297.69,3,28536.72,952,3387,10,special
121,47520.1,3,29236.25,1362,4322,12,special
576,29669.37,5,27830.83,1458,2262,14,non_event
880,55121.37,3,33141.67,2397,3942,16,special
329,36803.21,2,30498.42,2246,4102,10,non_event
94,34431.16,3,,1317,3215,14,cobranding
349,50974.45,3,37925.58,2181,2083,11,cobranding
4,35128.18,4,30691.17,847,3774,11,cobranding
164,36485.31,4,30612.82,1377,2094,15,special
747,12773.19,5,23512.9,1444,3797,9,cobranding
979,25690.76,3,26956.61,1060,3939,13,cobranding
789,47842.85,4,33013.32,1697,3478,16,cobranding
352,35920.67,4,37946.69,574,3337,9,cobranding
377,49784.7,3,30470.69,1292,3652,16,special
490,29677.54,4,29564.11,1380,2042,10,special
932,31153,2,32654.61,1857,2842,6,cobranding
336,25615.24,3,30386.29,217,1284,11,holiday
697,36693.4,4,26304.47,2000,3144,17,cobranding
110,38193.35,2,32416.15,832,5265,8,non_event
487,29913.38,3,22366.24,1638,3051,15,non_event
596,41154.82,5,30000.95,1608,2741,15,non_event
548,42131.06,4,28037.58,2811,4180,13,special
774,32954.9,4,30448.47,1414,3402,9,cobranding
592,29190.98,3,31444.25,1714,1836,13,special
721,45901.75,3,29387.54,1250,3907,15,non_event
741,19123.95,3,28163.51,1284,3444,9,special
133,51281.73,2,41336.55,1685,4027,7,non_event
547,20508.31,4,22734.76,1213,4123,13,holiday
644,41382.63,2,30303.76,1232,3985,11,non_event
284,49439.77,3,29948.73,1913,4822,16,non_event
220,46565.81,3,34961.33,1296,2814,11,cobranding
67,37513.78,3,29585.68,1189,3304,13,holiday
676,33365.95,4,30495.01,1197,3460,11,special
263,33673.16,4,30723.86,1650,3076,14,non_event
904,40150.37,3,33161.8,1637,1717,11,non_event
610,40967.4,4,34818.48,878,3262,12,cobranding
193,42434.11,3,28621.15,1415,2656,14,cobranding
401,46033.02,4,30301.9,1840,4807,12,cobranding
634,61349.56,2,34764.25,1499,4277,17,cobranding
522,34834.28,3,26672.97,2378,3586,9,holiday
108,32433.77,3,30104.26,2059,1592,12,non_event
858,40570.7,3,34259.06,2031,3065,11,special
884,56731.17,4,33865.35,2903,4171,15,cobranding
862,44818.42,4,31830.88,1462,2768,16,cobranding
590,30463.55,5,33606.66,880,5520,6,holiday
395,45806.28,3,32372.3,2482,2348,11,cobranding
961,45646.66,4,35628.65,2272,4036,12,non_event
276,50755.75,2,31598.16,1670,4968,12,cobranding
612,34919.31,3,,1608,3265,12,cobranding
834,25984.08,6,27557.83,2081,2413,12,non_event
350,22284.54,5,26695.78,1708,2783,12,special
957,44675.03,3,30298.27,2031,3262,15,non_event
425,36379.17,3,28579.48,1238,4435,11,cobranding
569,44281.06,4,27781.28,1844,4493,15,holiday
803,54634.7,3,33670.53,2096,4744,13,special
356,39092.52,3,38918.55,930,3715,6,cobranding
965,36599,6,31876.88,2300,3426,9,non_event
289,29531.04,4,30471.18,918,3052,11,special
824,43255.52,4,34186.57,2286,2806,11,cobranding
508,38863.73,5,28561.14,1990,3035,14,holiday
441,43000.19,4,28562.12,1565,2820,16,special
150,46209.51,3,36146.52,859,3334,10,non_event
123,49781.7,4,31962.63,1884,3965,16,special
418,28218.24,4,25434.45,1325,3578,11,cobranding
489,41200.79,4,32592.97,1769,2521,14,cobranding
980,31381.72,3,32227.96,1956,1899,11,cobranding
943,48141.49,4,34013.36,2687,3175,10,cobranding
624,53389.9,5,33132.99,1697,3918,14,special
622,40021.64,2,27621.35,1659,4088,12,non_event
627,36826.52,2,28319.16,2328,2478,10,special
38,38840.98,3,30295.42,1771,3173,13,special
930,60789.94,4,42162.64,920,4980,15,cobranding
726,48825.77,5,35365.27,1461,3579,11,holiday
266,34007.09,5,29983.8,858,3071,12,special
578,32459.56,2,29536.28,2326,3577,8,cobranding
689,30985.25,3,,1379,2808,11,special
66,43150.56,4,32079.26,709,6464,11,cobranding
982,44493.61,6,30908.97,1611,3129,15,cobranding
355,49586.48,4,38048.23,1916,5093,8,cobranding
323,25519.52,3,31558.11,1202,4566,7,cobranding
571,56895.72,2,36357.79,1865,3283,13,special
495,55866.49,4,34982.23,1963,3514,13,cobranding
591,28854.15,4,35990.29,1529,3670,4,special
307,33264.83,3,29542.32,1119,2800,14,special
705,27701.59,3,30572.11,2144,3343,10,non_event
449,37920.19,2,34399.4,934,1892,10,non_event
187,27875.45,4,26722.02,1735,2931,10,special
527,56721.03,2,35259.72,2253,3530,13,cobranding
757,25739.86,3,25098.19,984,5603,8,non_event
521,13614.72,3,28707.61,2012,2076,6,special
480,50034.35,2,31247.44,1673,3891,11,special
669,64424.11,4,38611.8,2375,3147,17,cobranding
871,39133.28,4,35903.37,1850,3075,7,holiday
444,29287.7,4,33424.76,1204,1671,8,cobranding
15,33497.54,2,,1668,3748,10,cobranding
160,5000,3,25977.57,2416,3239,0,holiday
54,34802.11,5,34063.49,1000,2776,11,cobranding
126,9121.99,7,31445.21,1261,0,13,cobranding
523,53317.69,3,41047.01,1699,3139,11,holiday
35,33772.24,4,26707.43,1205,3654,13,cobranding
287,12252.77,3,23179.49,1937,1750,7,non_event
415,52461.44,3,33717.75,1592,2244,15,cobranding
466,40854.13,5,31136.46,1687,3717,13,non_event
202,50719.15,3,28559.99,2509,4100,15,special
254,36028.46,2,27411.99,1891,4000,10,holiday
469,44033.71,3,36072.41,1163,2990,12,cobranding
846,28928.96,3,33922.25,1005,2812,6,non_event
243,26576.85,5,27978.46,1418,2760,10,non_event
207,46394.87,2,34892.02,1503,4621,9,special
285,47352.4,3,32215.9,1834,5346,9,cobranding
177,38572.62,4,32512.62,1540,3168,10,cobranding
898,25880.17,3,24584.31,1607,4049,9,non_event
69,37407.58,4,28173.88,1357,3683,12,special
434,39072.46,2,29817.73,1145,2542,12,cobranding
779,28554.67,3,32262.31,2062,2883,5,non_event
865,30585.78,4,32895.77,700,3316,11,cobranding
171,30734.23,1,28818.15,2248,5171,5,special
107,49886.71,3,32674,912,4106,16,cobranding
460,46492.97,4,31430.74,2009,4913,14,non_event
542,34271.29,5,33356.14,1416,3868,8,special
861,44268.8,4,27909.1,956,4949,16,cobranding
938,39074.71,4,29184.87,1660,3115,15,cobranding
640,41017.35,5,32854.02,1751,4400,13,special
53,45725.75,4,33831.28,1700,4395,8,cobranding
188,42154.95,2,25385.14,1897,3549,14,holiday
411,40417.91,3,25979.59,1121,3694,14,cobranding
403,71757.5,2,37859.47,1051,4573,17,special
773,37598.83,4,23753.58,1137,3112,16,cobranding
439,24543.12,2,26305.95,663,3879,9,special
399,52726.4,4,31891.49,2628,5418,11,holiday
10,33410.76,6,29795.15,1350,3321,16,holiday
977,34780.21,3,30888.99,965,2506,13,cobranding
117,44046.74,3,38856.6,1234,3654,6,holiday
493,45379.58,4,28848.72,2109,3398,13,special
801,50024.3,4,35975.94,1120,5509,14,special
347,35817.24,5,33519.03,1633,3548,10,cobranding
632,18865.24,2,26243.84,1377,3231,6,cobranding
475,30762.85,4,26306.16,866,4266,13,cobranding
5,36310.72,2,31608,2187,1805,7,cobranding
271,40484.91,3,29663.75,2534,5111,13,cobranding
776,16282.72,4,24371.14,1665,3796,7,special
700,42159.98,4,34912.47,2195,3170,10,non_event
435,44646.19,3,30194.21,1236,4963,13,non_event
61,42175.58,3,32174.55,1102,3159,15,cobranding
713,55887.64,2,33938.23,2474,3221,12,non_event
70,28212.75,4,32294.62,742,3997,6,cobranding
698,14711.98,2,21792.84,1028,3132,6,holiday
492,35691.18,6,32730.5,1583,2588,11,special
649,48283.05,3,33277.05,1188,3386,14,special
181,34144.68,4,32399.11,1482,3486,8,special
404,52170.35,2,35111.6,1758,3235,12,non_event
736,39580.5,3,29526.54,1514,3145,12,cobranding
333,32606.44,4,36068.86,1866,2962,7,special
581,35517.27,2,30939.68,847,2954,11,cobranding
148,31622.93,4,28398.05,2303,2733,16,non_event
909,26358.7,4,29754.96,2098,3470,7,non_event
963,29488.42,4,24402.69,1959,3729,11,holiday
758,32628.63,2,30710.55,1999,2543,10,cobranding
152,42819.49,3,29936.93,1629,2386,14,cobranding
534,25112.42,3,28096.53,1506,3020,9,cobranding
954,34579.43,3,28372.99,1605,4608,11,special
451,26857.28,4,24844.29,1212,3777,7,special
429,55523.85,2,36021.31,1921,3549,14,cobranding
902,28712.63,6,33998.54,1585,1850,8,holiday
182,43200.85,3,31344.58,1904,3132,14,special
155,29422.28,3,30738.71,1607,3560,8,cobranding
179,28381.49,3,27945.46,1169,2752,10,cobranding
99,25749.67,4,28143.22,2123,3369,6,cobranding
788,38112.32,5,28544.35,1355,2687,15,cobranding
232,34976.86,5,30853.88,1277,4743,7,holiday
967,29092.85,3,30871.71,2065,2800,10,non_event
479,20325.96,2,26226.05,1691,3886,5,non_event
756,50734.05,3,32210.86,1103,3651,14,cobranding
949,40357.58,4,30569.08,2154,3937,12,non_event
832,48517.27,4,35845.93,918,2644,10,cobranding
448,49418.79,4,27413.44,1885,6489,11,special
204,35391.85,5,36637.72,1271,2968,12,special
585,43146.52,3,30519,2253,3378,10,cobranding
630,46336.47,3,31382.18,1887,4126,10,cobranding
929,26798.45,5,34511.68,1547,4036,6,non_event
135,34815.04,4,34407.88,1818,2638,10,non_event
740,45982.16,3,35448.85,1988,3188,11,holiday
795,66074.12,4,32497.6,2338,4569,18,special
402,53212.11,4,29458.17,1957,3586,16,special
12,23072.56,4,,901,2552,9,cobranding
516,38902.83,2,29010.45,1819,3997,13,cobranding
467,52366.71,3,33646.84,2475,3311,15,cobranding
754,37258.3,2,28878.76,1273,3102,11,special
541,51036.6,4,34517.96,2312,3828,12,special
2,39715.16,1,32182.24,1498,3260,12,special
34,41996.1,4,30250.51,1280,5188,10,cobranding
432,22925.47,4,25825.52,1303,4232,13,cobranding
987,37559.08,3,29243.62,1280,3075,13,special
905,10921.78,5,23633.83,1704,4186,9,holiday
142,58792.99,2,40647.84,2544,1805,14,cobranding
265,42139.74,3,34297.7,1668,2282,14,special
564,47704.56,3,35629.97,1183,2603,13,holiday
614,44318.83,5,,1502,2413,14,non_event
852,53812.7,3,34804.56,1305,4663,14,cobranding
818,32038.65,5,30498.14,1084,3861,10,non_event
421,32005.52,4,33902.3,1673,3694,6,non_event
733,40924.87,2,32785.48,1588,4294,10,cobranding
384,16443.85,4,23728.34,1847,1633,13,cobranding
137,43585.45,4,33683.86,907,4321,14,cobranding
560,34374.52,4,22418.27,1257,3817,15,holiday
825,40750.16,3,34962.69,2212,2989,9,special
600,46324.83,4,33882.65,1841,3320,17,cobranding
715,62236.15,2,37369.98,921,4214,14,non_event
765,50185.17,2,,1650,3117,12,cobranding
362,39619.28,5,26312.4,1161,3820,14,special
390,41427.48,3,28762.39,1987,3153,10,special
760,46503.74,3,35867.67,2508,2159,9,cobranding
971,47431.62,2,32249,2300,2964,15,non_event
368,31209.17,4,33372.26,885,3832,11,cobranding
0,42247.8,3,30527.57,1407,3302,12,special
708,59546.57,2,31233.04,1849,4335,18,special
598,31138.22,3,34346.13,1200,3166,8,non_event
917,53704.8,4,,1868,1649,15,cobranding
27,59909.1,3,30215.9,1532,3702,16,cobranding
26,32274.64,4,30535.26,2381,3578,12,cobranding